{"time": [0, 0.08900213241577148, 0.21013641357421875, 0.2668023109436035, 0.3230001926422119, 0.38001203536987305, 0.43665075302124023, 0.4957151412963867, 0.5535163879394531, 0.6161327362060547, 0.677340030670166, 0.7358744144439697, 0.8029975891113281, 0.9028806686401367, 1.0052292346954346, 1.118981122970581, 1.2355806827545166, 1.3098688125610352, 1.3768048286437988, 1.4587016105651855, 1.5439107418060303, 1.618316650390625, 1.6882307529449463, 1.771653413772583, 1.867757797241211, 1.993290901184082, 2.156621217727661, 2.2605719566345215, 2.3190481662750244, 2.400033950805664, 2.4601328372955322, 2.5415923595428467, 2.599557638168335, 2.6944785118103027, 2.7921504974365234, 2.845050096511841, 2.898115396499634, 2.9631130695343018, 3.017054319381714, 3.0866661071777344, 3.163289785385132, 3.232059955596924, 3.285060167312622, 3.3501460552215576, 3.4120585918426514, 3.4786794185638428, 3.543062925338745, 3.5978872776031494, 3.662320375442505, 3.723067283630371, 3.787233829498291, 3.8490827083587646], "temp": [36.6, 36.6, 36.6, 36.6, 36.5, 36.3, 36.1, 35.8, 35.4, 34.9, 34.4, 33.9, 33.4, 32.9, 32.1, 31.7, 31.0, 30.7, 30.4, 30.1, 29.6, 29.2, 28.8, 28.4, 27.8, 27.5, 26.5, 25.8, 25.5, 25.1, 24.8, 24.5, 24.3, 24.2, 24.3, 24.4, 24.5, 24.7, 24.8, 24.9, 25.1, 25.2, 25.2, 25.2, 25.2, 25.2, 25.2, 25.2, 25.1, 25.1, 25.1, 25.1]}