{"time": [0, 0.08702325820922852, 0.20858097076416016, 0.2695596218109131, 0.32700276374816895, 0.38726210594177246, 0.44913721084594727, 0.5109612941741943, 0.5837464332580566, 0.6420028209686279, 0.6970014572143555, 0.7704579830169678, 0.8290066719055176, 0.8867166042327881, 0.9440443515777588, 0.9990131855010986, 1.0558967590332031, 1.1158292293548584, 1.1753675937652588, 1.2333660125732422, 1.2918810844421387, 1.3514800071716309, 1.4110150337219238, 1.4692411422729492, 1.5287392139434814, 1.5885119438171387, 1.647582769393921, 1.7061975002288818, 1.7699799537658691, 1.8327300548553467, 1.890369176864624, 1.945716142654419, 2.0034093856811523, 2.0618667602539062, 2.121030330657959, 2.178072690963745, 2.2360880374908447, 2.295192241668701, 2.351043701171875, 2.4076342582702637, 2.471226930618286, 2.5331838130950928, 2.590629816055298, 2.645320177078247, 2.6990442276000977, 2.7701776027679443, 2.824044704437256, 2.8811073303222656, 2.939301013946533, 2.993046760559082, 3.0566134452819824, 3.1170501708984375, 3.1700501441955566, 3.2350547313690186, 3.2890591621398926, 3.3458986282348633, 3.406850814819336, 3.469362258911133, 3.5293467044830322, 3.583519220352173, 3.6370651721954346, 3.7037405967712402, 3.761063575744629, 3.817920207977295, 3.875042676925659, 3.928069591522217, 3.995542526245117, 4.052069425582886, 4.114575147628784, 4.1794281005859375, 4.233071327209473, 4.299573659896851, 4.362083196640015, 4.417891502380371, 4.479902505874634, 4.534094572067261, 4.591208457946777, 4.654108762741089, 4.70797324180603, 4.775537490844727, 4.8300840854644775, 4.883089780807495, 4.95695948600769, 5.033641815185547, 5.108741044998169, 5.179103851318359, 5.239121913909912, 5.300131320953369, 5.38892388343811, 5.47611927986145, 5.540273666381836, 5.610045433044434, 5.67048716545105, 5.725830078125, 5.793769598007202, 5.86012077331543, 5.93377685546875, 6.00710916519165, 6.062652111053467, 6.129938840866089, 6.192622900009155], "temp": [36.6, 36.6, 36.6, 36.6, 36.5, 36.3, 36.0, 35.7, 35.2, 34.7, 34.2, 33.7, 33.2, 32.8, 32.4, 32.1, 31.8, 31.5, 31.3, 31.0, 30.8, 30.5, 30.2, 30.0, 29.7, 29.3, 29.1, 28.7, 28.4, 28.0, 27.7, 27.4, 27.1, 26.8, 26.5, 26.2, 25.9, 25.6, 25.3, 25.0, 24.8, 24.5, 24.4, 24.3, 24.3, 24.3, 24.4, 24.5, 24.7, 24.8, 24.9, 25.0, 25.1, 25.2, 25.2, 25.3, 25.3, 25.3, 25.2, 25.2, 25.2, 25.1, 25.1, 25.1, 25.1, 25.1, 25.1, 25.1, 25.1, 25.1, 25.1, 25.1, 25.1, 25.1, 25.1, 25.1, 25.1, 25.1, 25.1, 25.1, 25.1, 25.1, 25.1, 25.1, 25.1, 25.1, 25.1, 25.1, 25.1, 25.1, 25.1, 25.1, 25.1, 25.1, 25.1, 25.1, 25.1, 25.1, 25.1, 25.1, 25.1]}